{"cameraMode":{"drawMode":0,"name":"Shaded","section":"Shading Mode"},"sceneLighting":false,"audioPlay":false,"sceneViewState":{"showFog":false,"showMaterialUpdate":true,"showSkybox":false,"showFlares":true,"showImageEffects":true,"showParticleSystems":true},"in2DMode":false,"pivot":{"x":0.12536406517028809,"y":1.2999999523162842,"z":6.511073112487793},"rotation":{"x":0.14973612129688264,"y":0.010688068345189095,"z":-0.0016171270981431008,"w":0.9886751174926758},"size":1.5927598476409913,"orthographic":false}