{"cameraMode":{"drawMode":0,"name":"Shaded","section":"Shading Mode"},"sceneLighting":true,"audioPlay":false,"sceneViewState":{"showFog":false,"showMaterialUpdate":true,"showSkybox":true,"showFlares":true,"showImageEffects":true,"showParticleSystems":true},"in2DMode":false,"pivot":{"x":-0.1503743827342987,"y":0.5778226256370544,"z":-0.2812027931213379},"rotation":{"x":0.14973612129688264,"y":0.010688068345189095,"z":-0.0016171270981431008,"w":0.9886751174926758},"size":1.0110011100769044,"orthographic":false}