{"cameraMode":{"drawMode":0,"name":"Shaded","section":"Shading Mode"},"sceneLighting":false,"audioPlay":false,"sceneViewState":{"showFog":false,"showMaterialUpdate":true,"showSkybox":false,"showFlares":true,"showImageEffects":true,"showParticleSystems":true},"in2DMode":false,"pivot":{"x":4.050000190734863,"y":1.3799999952316285,"z":3.4167089462280275},"rotation":{"x":0.14973612129688264,"y":0.010688068345189095,"z":-0.0016171270981431008,"w":0.9886751174926758},"size":0.17320498824119569,"orthographic":false}