{"cameraMode":{"drawMode":0,"name":"Shaded","section":"Shading Mode"},"sceneLighting":false,"audioPlay":false,"sceneViewState":{"showFog":false,"showMaterialUpdate":true,"showSkybox":false,"showFlares":true,"showImageEffects":true,"showParticleSystems":true},"in2DMode":false,"pivot":{"x":-9.739999771118164,"y":12.403390884399414,"z":18.979999542236329},"rotation":{"x":0.37213045358657839,"y":0.005564781837165356,"z":-0.002230969723314047,"w":0.9281617999076843},"size":1.0222523212432862,"orthographic":false}