{"cameraMode":{"drawMode":0,"name":"Shaded","section":"Shading Mode"},"sceneLighting":false,"audioPlay":false,"sceneViewState":{"showFog":false,"showMaterialUpdate":true,"showSkybox":false,"showFlares":true,"showImageEffects":true,"showParticleSystems":true},"in2DMode":false,"pivot":{"x":0.22051182389259339,"y":-0.08996626734733582,"z":0.10899719595909119},"rotation":{"x":0.2217516005039215,"y":0.6322532296180725,"z":-0.19579178094863892,"w":0.7160758376121521},"size":0.33397430181503298,"orthographic":false}