{"cameraMode":{"drawMode":0,"name":"Shaded","section":"Shading Mode"},"sceneLighting":false,"audioPlay":false,"sceneViewState":{"showFog":false,"showMaterialUpdate":true,"showSkybox":false,"showFlares":true,"showImageEffects":true,"showParticleSystems":true},"in2DMode":false,"pivot":{"x":-5.595719814300537,"y":0.8486102819442749,"z":1.7869024276733399},"rotation":{"x":0.17596648633480073,"y":-0.6345319747924805,"z":0.15145890414714814,"w":0.7372034788131714},"size":1.0490703582763672,"orthographic":false}