{"cameraMode":{"drawMode":0,"name":"Shaded","section":"Shading Mode"},"sceneLighting":false,"audioPlay":false,"sceneViewState":{"showFog":false,"showMaterialUpdate":true,"showSkybox":false,"showFlares":true,"showImageEffects":true,"showParticleSystems":true},"in2DMode":false,"pivot":{"x":-2.0612521171569826,"y":0.17641869187355042,"z":0.06396444141864777},"rotation":{"x":0.14973612129688264,"y":0.010688068345189095,"z":-0.0016171270981431008,"w":0.9886751174926758},"size":1.1660261154174805,"orthographic":false}