{"cameraMode":{"drawMode":0,"name":"Shaded","section":"Shading Mode"},"sceneLighting":false,"audioPlay":false,"sceneViewState":{"showFog":false,"showMaterialUpdate":true,"showSkybox":false,"showFlares":true,"showImageEffects":true,"showParticleSystems":true},"in2DMode":false,"pivot":{"x":-2.6120922565460207,"y":3.635460138320923,"z":0.5247385501861572},"rotation":{"x":-0.000406996114179492,"y":-0.999579668045044,"z":-0.017684651538729669,"w":0.023101402446627618},"size":3.4482808113098146,"orthographic":false}