{"cameraMode":{"drawMode":0,"name":"Shaded","section":"Shading Mode"},"sceneLighting":false,"audioPlay":false,"sceneViewState":{"showFog":true,"showMaterialUpdate":false,"showSkybox":false,"showFlares":true,"showImageEffects":true,"showParticleSystems":true},"in2DMode":false,"pivot":{"x":0.0,"y":0.04800362512469292,"z":0.005399608984589577},"rotation":{"x":-0.12417425960302353,"y":0.729191243648529,"z":-0.13744905591011048,"w":-0.6587626338005066},"size":6.052799701690674,"orthographic":false}